{"cameraMode":{"drawMode":0,"name":"Shaded","section":"Shading Mode"},"sceneLighting":true,"audioPlay":false,"sceneViewState":{"m_AlwaysRefresh":false,"showFog":true,"showSkybox":true,"showFlares":true,"showImageEffects":true,"showParticleSystems":true,"showVisualEffectGraphs":true,"m_FxEnabled":true},"in2DMode":false,"pivot":{"x":-7.75517463684082,"y":1.1973873376846314,"z":-17.199541091918947},"rotation":{"x":-0.0010162737453356386,"y":0.9770895838737488,"z":-0.004701082594692707,"w":-0.21287818253040315},"size":9.808036804199219,"orthographic":false}